 120 	
   1 cputime (s)	cputime (s)
   1 symbiotic 9.0.0-dev-b34dd3a1	VeriFuzz 1.2.11
   1 symbiotic.SV-COMP23_termination.Termination-Other	verifuzz.SV-COMP23_termination.Termination-Other
   1 0.284688409	1.569748424
   1 0.302480789	1.596296155
   1 0.307354792	1.599149906
   1 0.307442895	1.594093353
   1 0.308317094	1.67224432
   1 0.310361621	1.526297438
   1 0.311066391	1.719084907
   1 0.312158933	1.627274234
   1 0.313159617	2.207899378
   1 0.315318424	2.201808857
   1 0.316021442	2.269546562
   1 0.316827247	1.697957792
   1 0.317098056	1.620203267
   1 0.317193876	1.760910513
   1 0.317237796	1.571565726
   1 0.317878934	2.243426002
   1 0.318631404	2.318133731
   1 0.318698497	2.352446061
   1 0.31880445	2.093130587
   1 0.31902356	2.085292677
   1 0.321580361	1.452679318
   1 0.321621978	1.584383453
   1 0.321682821	2.701248004
   1 0.32197081	1.604520874
   1 0.3231042	1.570152437
   1 0.323486175	1.662801735
   1 0.323776363	1.725924208
   1 0.324638378	2.371360582
   1 0.324823677	2.541297055
   1 0.324922695	2.119245957
   1 0.326675698	1.624027255
   1 0.326917234	1.922706176
   1 0.327207468	1.586431532
   1 0.327603158	2.487466459
   1 0.327680703	1.48285538
   1 0.328195429	2.215152241
   1 0.328259698	1.570285375
   1 0.328953508	1.634485465
   1 0.329656773	1.539751083
   1 0.329811387	1.570205601
   1 0.330847918	1.60685871
   1 0.330906775	1.682749567
   1 0.331090274	2.219352084
   1 0.331399523	1.669257233
   1 0.331429895	1.719172219
   1 0.331640536	2.312024314
   1 0.332761132	1.45781182
   1 0.332947747	2.140157249
   1 0.333013572	2.189885798
   1 0.333035361	2.357986921
   1 0.333555896	1.633629518
   1 0.334132328	1.531205825
   1 0.334515557	2.394204242
   1 0.33467683	1.600336416
   1 0.334898102	1.453011054
   1 0.335109854	2.387905632
   1 0.337157824	2.214791409
   1 0.337243101	2.187090474
   1 0.337533202	1.65615511
   1 0.338503648	2.311572083
   1 0.339128751	1.341261439
   1 0.33961258	1.487095906
   1 0.339822774	2.013922736
   1 0.340094332	2.415416575
   1 0.340621618	2.488062458
   1 0.340843797	1.697966975
   1 0.341174263	2.567650555
   1 0.341847439	2.105880832
   1 0.343634181	1.448497656
   1 0.34377936	1.65705784
   1 0.344032572	1.674381049
   1 0.344104192	2.063164481
   1 0.344561911	2.183996309
   1 0.345971004	2.350247589
   1 0.346394091	2.137225692
   1 0.346493937	1.595148115
   1 0.347414738	2.363548774
   1 0.348316724	1.61719823
   1 0.348518127	2.226829516
   1 0.349477612	2.113780865
   1 0.350154709	2.323221764
   1 0.350349861	1.527037714
   1 0.350416977	2.552404406
   1 0.351737262	1.776216913
   1 0.352674232	1.604457358
   1 0.35318066	2.235156772
   1 0.353227955	2.67083375
   1 0.3537313	1.483812277
   1 0.353992829	1.838789604
   1 0.35459771	1.827723601
   1 0.354883136	1.708982125
   1 0.354995643	2.287358109
   1 0.356102993	1.751764508
   1 0.356158504	1.742002568
   1 0.356230616	1.48860915
   1 0.356483369	2.211335767
   1 0.35694034	1.602778444
   1 0.359543177	1.397668622
   1 0.363422149	2.399755966
   1 0.364347799	1.782146714
   1 0.365515933	1.888454836
   1 0.36562285	1.799568029
   1 0.366249999	1.793062137
   1 0.368278466	1.641467669
   1 0.369395536	1.666646033
   1 0.369437397	1.589614585
   1 0.372575481	1.768428055
   1 0.373605274	2.559639968
   1 0.374226447	1.61091525
   1 0.374588914	1.595478328
   1 0.376108219	1.708319523
   1 0.380400264	1.757007538
   1 0.380877355	1.611831085
   1 0.381853044	1.6803963
   1 0.3848711	2.391530965
   1 0.388328283	1.632953631
   1 0.388329799	2.364757793
   1 0.390494376	1.491863711
   1 0.394568828	1.839191686
   1 0.394992359	1.798822015
   1 0.398709517	1.784941149
   1 0.399650604	1.656544288
   1 0.40029085	1.640871609
   1 0.401832315	
   1 0.406711404	2.082804647
   1 0.41275663	2.100037372
   1 0.419855039	
   1 0.426860532	2.082533467
   1 0.427587797	2.45898884
   1 0.428626012	
   1 0.43028911	
   1 0.437446186	2.024836573
   1 0.438663615	2.011238434
   1 0.44302301	2.006586196
   1 0.448370346	2.517861964
   1 0.448942746	1.967841546
   1 0.451917115	1.997867165
   1 0.452533735	15.143320656
   1 0.455698819	15.356114471
   1 0.458462047	15.064948602
   1 0.460916276	15.158253368
   1 0.46173981	
   1 0.468757958	15.166681425
   1 0.470811862	
   1 0.473034157	
   1 0.474286912	
   1 0.480448672	20.110100347
   1 0.481595401	
   1 0.49772173	
   1 0.500684832	3.056571879
   1 0.502941076	
   1 0.505061921	
   1 0.510468937	15.093367303
   1 0.516876538	
   1 0.51931505	
   1 0.519493914	
   1 0.520406113	
   1 0.521933391	
   1 0.522790168	
   1 0.526004318	
   1 0.526507327	
   1 0.531365777	
   1 0.533196618	
   1 0.533750627	
   1 0.538321882	
   1 0.546247072	
   1 0.546571163	
   1 0.556022137	
   1 0.55603275	1.685745931
   1 0.558296321	
   1 0.562421998	
   1 0.572956903	
   1 0.572971679	
   1 0.57554562	
   1 0.579591454	
   1 0.5815839	
   1 0.586570149	
   1 0.587537755	
   1 0.588059508	
   1 0.588431326	
   1 0.58998865	
   1 0.596621372	
   1 0.598915953	
   1 0.5990897	
   1 0.599373107	55.726395453
   1 0.604133975	
   1 0.610202074	55.858637386
   1 0.610483069	154.197459248
   1 0.610887414	
   1 0.612002598	157.147241242
   1 0.612182507	
   1 0.612901184	
   1 0.613957858	
   1 0.6150897	57.024462706
   1 0.616811123	
   1 0.618117833	154.841780823
   1 0.618912736	155.869131277
   1 0.61900674	
   1 0.619621119	153.682798066
   1 0.621921431	55.888805033
   1 0.622171803	
   1 0.625090324	
   1 0.625350178	154.750067161
   1 0.625933579	153.622178209
   1 0.629057704	56.955929852
   1 0.630264674	56.167091771
   1 0.634854751	153.388003094
   1 0.637515124	155.244434511
   1 0.637906678	169.396017325
   1 0.638013569	254.538592551
   1 0.640529731	155.786270528
   1 0.642186568	160.667058779
   1 0.64246431	154.64066664
   1 0.64306881	2.224322775
   1 0.644998537	152.657564026
   1 0.645674973	
   1 0.645873905	2.258711883
   1 0.646408389	152.227453219
   1 0.649002366	151.407104525
   1 0.650750349	3.121745797
   1 0.651604654	155.919282435
   1 0.653492822	3.096281174
   1 0.654531713	151.429380162
   1 0.654889781	3.253909819
   1 0.655056115	153.503724309
   1 0.65729285	3.51960607
   1 0.658845296	3.630458199
   1 0.659899956	3.114253442
   1 0.659969399	3.083484116
   1 0.661573512	1.858028831
   1 0.663121802	164.602234125
   1 0.663158409	3.065213381
   1 0.663516571	2.847291711
   1 0.663538145	3.005405323
   1 0.668589911	155.236227936
   1 0.668662104	3.154177549
   1 0.668665889	3.193283614
   1 0.669231925	3.38752706
   1 0.670756358	3.011239402
   1 0.671090836	1.772646219
   1 0.67220968	2.95867753
   1 0.672664233	3.238268357
   1 0.672813405	2.94350289
   1 0.673379528	3.660721984
   1 0.673694305	3.023425241
   1 0.673994266	3.23724422
   1 0.674484152	2.559555742
   1 0.675169694	3.070705809
   1 0.675517333	3.10136197
   1 0.67593591	3.140615065
   1 0.67597451	3.167905451
   1 0.676096245	3.168137201
   1 0.677488704	2.976851779
   1 0.677741882	2.866864452
   1 0.677949407	3.267094243
   1 0.678348581	3.495388927
   1 0.678689683	3.375644112
   1 0.678819546	3.235778333
   1 0.678828345	3.329620921
   1 0.678957022	3.327942507
   1 0.679492824	2.986728388
   1 0.679681668	3.083306892
   1 0.681758558	3.139971322
   1 0.681961241	3.100673168
   1 0.683549919	2.229026691
   1 0.683600464	3.516530633
   1 0.683606568	3.110177117
   1 0.683877558	154.527822975
   1 0.68515714	2.981780699
   1 0.685441365	3.138843258
   1 0.685742891	4.015769915
   1 0.686030012	3.485476052
   1 0.686738985	3.094922358
   1 0.687904925	3.342304116
   1 0.689127518	3.240690132
   1 0.689296859	3.341763736
   1 0.690705374	3.585353759
   1 0.691154909	3.054710204
   1 0.691280113	3.20457902
   1 0.691694461	3.28024573
   1 0.691868304	3.177532108
   1 0.692521481	3.713933231
   1 0.694501886	3.83460812
   1 0.695756374	3.463116868
   1 0.696663711	3.266384182
   1 0.696772941	3.199630566
   1 0.697495593	3.422770636
   1 0.698009462	2.965952124
   1 0.698413489	2.855913469
   1 0.698699021	3.219039276
   1 0.699704508	3.561256219
   1 0.699988784	3.581742695
   1 0.700237793	3.14013137
   1 0.700557295	2.76132361
   1 0.701015467	1.621993417
   1 0.701771007	3.139139246
   1 0.701788119	3.589860738
   1 0.70198465	2.233073969
   1 0.70257685	3.119299204
   1 0.705679862	3.047639436
   1 0.705726764	2.224125836
   1 0.70625579	3.222915718
   1 0.709291628	3.216707254
   1 0.712102111	3.06612389
   1 0.718254787	3.329621001
   1 0.719841199	
   1 0.722339857	3.338004753
   1 0.724179304	2.877131104
   1 0.725010055	3.857142201
   1 0.725948876	3.613056401
   1 0.730684385	
   1 0.731208323	3.587763089
   1 0.737228796	
   1 0.737646049	
   1 0.740046994	
   1 0.741870953	
   1 0.746765003	3.080875683
   1 0.748619926	152.966406881
   1 0.748620678	167.537394237
   1 0.749066227	157.929872197
   1 0.750203701	156.326567878
   1 0.752532355	155.340500679
   1 0.752664162	156.880008008
   1 0.755996597	167.958968343
   1 0.756355847	172.015634116
   1 0.758229752	154.634650698
   1 0.761158471	155.038928231
   1 0.761197214	169.715164233
   1 0.761511441	249.9527265
   1 0.761574776	175.522902586
   1 0.761735219	246.485364337
   1 0.761952875	170.328907787
   1 0.762550967	156.887423051
   1 0.762809462	172.456502016
   1 0.763254387	157.541958301
   1 0.764081731	169.051128608
   1 0.764487895	157.852155099
   1 0.764724088	166.863830793
   1 0.76540527	250.318307014
   1 0.766061744	248.988817487
   1 0.766365978	155.505165066
   1 0.768204917	3.413493679
   1 0.769201286	157.307871837
   1 0.769255758	247.658216588
   1 0.76967983	163.817614702
   1 0.770882764	166.282301096
   1 0.771593041	169.262358343
   1 0.772490452	157.958429965
   1 0.772577647	254.438002272
   1 0.772915123	155.790007724
   1 0.772952509	156.259655085
   1 0.773073211	162.354583376
   1 0.773200708	156.823249076
   1 0.773266409	174.7316804
   1 0.775816807	155.401711089
   1 0.776706714	172.183083848
   1 0.777183426	170.527944682
   1 0.777511392	172.95266561
   1 0.778420996	153.995737561
   1 0.778734665	164.630231938
   1 0.778926826	257.684950164
   1 0.780125366	155.982800318
   1 0.781424541	247.398490437
   1 0.782261592	167.868051536
   1 0.78342624	
   1 0.785062862	248.177024178
   1 0.785178323	247.578557258
   1 0.785750733	246.46301475
   1 0.785983321	154.422018553
   1 0.786162259	246.677329167
   1 0.786269757	172.284219523
   1 0.786569915	153.460071503
   1 0.786805175	253.692207174
   1 0.787144824	
   1 0.787262267	168.573950894
   1 0.787427776	169.150978223
   1 0.78767325	161.606045032
   1 0.787751346	1.902752458
   1 0.789381537	247.156901145
   1 0.790313761	247.789105334
   1 0.791044347	255.19079916
   1 0.792667794	255.859482674
   1 0.793461421	1.660691275
   1 0.795148415	
   1 0.79552859	156.264834182
   1 0.796477519	
   1 0.798123023	
   1 0.798612781	172.794916788
   1 0.80018841	
   1 0.803481375	167.532755784
   1 0.803662358	250.443948258
   1 0.805125483	
   1 0.807206935	
   1 0.810275101	169.844747468
   1 0.816547766	41.707477475
   1 0.824676343	21.504905501
   1 0.825864619	21.978212331
   1 0.827265363	169.865492173
   1 0.82770729	
   1 0.831779758	
   1 0.832721159	258.4830841
   1 0.832729774	3.454398137
   1 0.834867417	
   1 0.837145836	173.361127813
   1 0.837538199	
   1 0.843228771	
   1 0.853222091	144.849643379
   1 0.854616834	144.734688365
   1 0.85756387	145.483034027
   1 0.859167929	161.798011766
   1 0.862784695	143.105391991
   1 0.863933725	144.520330622
   1 0.87202045	143.435342635
   1 0.875340129	255.289802937
   1 0.878672816	143.984231602
   1 0.889511028	143.958443866
   1 0.890204621	164.51668047
   1 0.891679612	161.593662467
   1 0.893804577	155.925439919
   1 0.897426337	156.612165824
   1 0.898854308	157.07017299
   1 0.89901083	155.980832018
   1 0.8990315	172.522835467
   1 0.89989111	255.042144621
   1 0.901008816	156.342338858
   1 0.902283924	170.578580205
   1 0.904461273	172.16073449
   1 0.905435301	30.912565219
   1 0.905685471	174.465388183
   1 0.907723294	250.961827958
   1 0.909764633	174.02633194
   1 0.912025882	
   1 0.913765004	163.312238268
   1 0.914301863	171.005316664
   1 0.914899669	
   1 0.915186121	256.84909678
   1 0.916506537	
   1 0.916764483	171.28613359
   1 0.917666537	255.195501466
   1 0.91803014	170.722323915
   1 0.918172824	1.821514838
   1 0.919849795	169.538063476
   1 0.921720449	169.406503397
   1 0.924908469	170.92849606
   1 0.925409582	169.513344115
   1 0.92744979	172.690727442
   1 0.92889998	155.922682257
   1 0.92926439	
   1 0.93421939	
   1 0.936315954	169.228296413
   1 0.936637399	173.853756645
   1 0.937593575	259.066061868
   1 0.938911471	167.614392633
   1 0.941835661	
   1 0.94301597	248.523889527
   1 0.954757189	75.948306332
   1 0.959733525	173.685280991
   1 0.961372818	177.145294403
   1 0.971315966	157.916323772
   1 0.973742922	255.086255947
   1 1.017599958	168.680779453
   1 1.021941042	1.963463533
   1 1.027996728	
   1 1.029586259	1.965224226
   1 1.033181454	
   1 1.042091847	248.775628561
   1 1.093028567	2.02023829
   1 1.105975764	2.081568527
   1 1.118428333	
   1 1.11943528	
   1 1.120532361	
   1 1.121549006	
   1 1.126098801	
   1 1.140259558	
   1 1.141196286	
   1 1.147561477	1.987825697
   1 1.153743058	
   1 1.169146602	
   1 1.172194082	
   1 1.177215828	
   1 1.181392948	
   1 1.181520748	1.992172976
   1 1.185788593	154.202294368
   1 1.189940367	
   1 1.195305829	
   1 1.196360184	
   1 1.203564554	
   1 1.203586986	
   1 1.205277051	
   1 1.212553821	153.887436741
   1 1.215687583	155.843330784
   1 1.221914302	155.78367851
   1 1.225078031	
   1 1.244889705	
   1 1.299822132	1.905855357
   1 1.322033718	154.133700432
   1 1.323573233	154.426293525
   1 1.324428101	152.81948825
   1 1.324885623	153.516968659
   1 1.325423236	155.181762313
   1 1.326623179	157.090366838
   1 1.331802482	154.360331766
   1 1.332617155	154.447571992
   1 1.333397049	151.729785071
   1 1.337851423	154.846604736
   1 1.339017836	170.586222581
   1 1.341865848	2.178376235
   1 1.342554539	151.461441923
   1 1.342630959	150.235352984
   1 1.343264447	154.42975395
   1 1.344146408	156.378031255
   1 1.344786332	157.673514374
   1 1.344945841	153.191210501
   1 1.345732426	156.698547678
   1 1.3461771	155.727310559
   1 1.346325708	157.382480404
   1 1.347341947	155.298194094
   1 1.349373638	156.32003058
   1 1.355990715	151.403478478
   1 1.356916581	152.183619284
   1 1.357697111	160.870697655
   1 1.357970703	153.699965079
   1 1.358361419	155.218468904
   1 1.360835178	155.621533285
   1 1.36165414	164.739681449
   1 1.36288114	155.443349543
   1 1.367610247	156.642915834
   1 1.368385531	153.507884826
   1 1.370148983	155.691684916
   1 1.37311039	169.45697293
   1 1.377148521	164.227435656
   1 1.389756858	153.43945698
   1 1.391811871	150.132967781
   1 1.398766946	159.483597792
   1 	1.404765209
   1 1.407280376	155.155363198
   1 1.407633601	154.756916498
   1 1.413617483	
   1 1.414732922	
   1 	1.424125096
   1 1.424849114	157.263183087
   1 1.426734443	156.488460621
   1 1.428327703	152.511339712
   1 	1.440457061
   1 1.441129752	153.992344817
   1 	1.444138742
   1 1.445524244	
   1 1.452059972	152.860059441
   1 1.452249011	
   1 1.453825736	156.404128589
   1 1.457343931	152.090601387
   1 1.460284517	156.107335704
   1 1.460436746	154.090520633
   1 1.461440361	
   1 1.465879173	172.895064305
   1 1.465885505	156.770658063
   1 1.46768752	247.082265479
   1 1.470510132	168.305554582
   1 1.470882752	156.026963139
   1 1.471098117	248.964170466
   1 1.471492938	167.134451757
   1 1.475554324	157.668253671
   1 1.475581066	158.217883636
   1 1.476050183	159.133480884
   1 1.476347753	248.457231576
   1 1.477075587	158.813958969
   1 1.478498057	152.011587327
   1 1.478647179	157.486998112
   1 1.480181105	247.632192169
   1 1.480554609	157.703696698
   1 1.483234047	
   1 1.484138675	157.525665717
   1 1.484208175	250.823551123
   1 1.484426705	158.581394335
   1 1.485614332	167.325276616
   1 1.486978409	156.244834539
   1 1.487346754	169.597629632
   1 1.487984458	248.623032368
   1 1.490044987	250.798429549
   1 1.490451285	247.553519388
   1 1.491506526	153.592473048
   1 1.492175241	156.710361676
   1 1.493321315	168.596719608
   1 1.493471207	247.586126347
   1 1.494305923	157.106205937
   1 1.495289452	153.696460902
   1 1.496203333	171.161046877
   1 1.497001098	157.304831807
   1 1.49862411	259.975991025
   1 1.499366454	248.840260869
   1 1.499396786	157.805381046
   1 1.499664322	157.778965491
   1 1.500084852	156.169879471
   1 1.500853265	155.627177907
   1 1.500985451	174.793027509
   1 1.5016821	160.755124372
   1 1.502085611	248.563578976
   1 1.502719541	249.011169807
   1 1.50366125	158.042030978
   1 1.503809189	157.340982441
   1 1.504030369	268.814025781
   1 1.504768276	261.837611933
   1 1.504865528	156.74497175
   1 1.506205473	
   1 1.506324106	171.033876187
   1 1.506609559	154.039032359
   1 1.507176415	165.327146136
   1 1.507224169	155.487562052
   1 1.507730454	249.328405618
   1 1.508289199	256.409772805
   1 1.508962549	162.877318189
   1 1.509059114	174.422028007
   1 1.509170065	267.347474451
   1 1.509467729	249.509167192
   1 1.510248034	159.793195482
   1 1.510728193	168.191515584
   1 1.51093569	255.202478338
   1 1.511259299	167.487281148
   1 1.512042328	262.428296586
   1 1.512106984	166.82316954
   1 1.513286647	156.045325817
   1 1.513510039	266.879248759
   1 1.514413496	250.569004516
   1 1.515157078	257.319763106
   1 1.51534674	254.930720202
   1 1.515430305	172.987511955
   1 	1.515829356
   1 1.516324366	268.827643523
   1 1.517150362	247.539432014
   1 1.517235812	167.226221387
   1 1.517572799	170.988436783
   1 1.518708334	267.879576331
   1 1.519676949	169.907085447
   1 1.519889602	173.386052303
   1 1.519914277	174.816137079
   1 1.520325256	170.160929627
   1 1.521242383	167.156221973
   1 1.521352724	160.585362113
   1 1.521835369	176.284378834
   1 1.521847299	155.744045779
   1 1.523764511	152.601882971
   1 1.524087234	162.051210392
   1 1.524146211	261.797728369
   1 1.52469778	169.981679227
   1 1.525210957	158.860471436
   1 1.525571715	158.405260861
   1 1.526941251	158.155191857
   1 1.527727164	256.926426783
   1 1.528467041	173.780920873
   1 1.528749573	165.977929844
   1 1.529386325	248.124654998
   1 1.52944294	174.226100868
   1 	1.530282049
   1 1.531162527	266.668314386
   1 1.533176038	249.872105616
   1 1.533619389	154.014267048
   1 1.534948463	250.264168833
   1 1.535425909	172.766058051
   1 1.538240509	262.36796382
   1 1.540222089	155.199616735
   1 1.541035802	165.018779314
   1 1.541919134	268.350022063
   1 1.543499325	169.824761949
   1 1.544914746	169.525439536
   1 1.545441801	154.50645129
   1 1.548099808	172.137092291
   1 1.550278244	246.851420121
   1 	1.551810135
   1 1.552162667	171.385392131
   1 1.552334032	257.637637468
   1 1.552497254	168.630007077
   1 1.552817221	255.808046299
   1 1.553969253	171.796979624
   1 1.557002969	250.362461822
   1 1.557869713	257.050370557
   1 1.558263213	247.837326571
   1 1.561068322	247.797550195
   1 	1.562454935
   1 1.564068684	
   1 	1.564638082
   1 	1.565370528
   1 1.56551622	258.823375499
   1 	1.567911678
   1 	1.573129932
   1 	1.580971812
   1 1.586385631	267.640860988
   1 	1.595382187
   1 	1.597047819
   1 1.59835695	
   1 	1.601325966
   1 1.602189074	152.868074586
   1 1.603457937	
   1 1.605439531	168.399919941
   1 1.605775633	255.073303934
   1 1.606728379	167.047039726
   1 	1.607802849
   1 	1.607966683
   1 	1.616843981
   1 1.620737782	168.573816366
   1 	1.620756397
   1 	1.632621961
   1 	1.634437313
   1 	1.634743031
   1 1.63625575	
   1 1.641986005	170.724994798
   1 	1.642691405
   1 1.643063927	
   1 	1.645004576
   1 1.646943021	170.963743512
   1 	1.649269404
   1 	1.651663645
   1 1.656575123	
   1 	1.65818074
   1 	1.661776635
   1 	1.661890193
   1 	1.663557085
   1 	1.664430657
   1 	1.665637835
   1 1.666597515	158.525721073
   1 	1.670224967
   1 	1.674866363
   1 1.676187992	244.47000728
   1 	1.678799264
   1 	1.686432729
   1 	1.689622202
   1 	1.689878594
   1 	1.694991194
   1 	1.694998779
   1 	1.697756564
   1 	1.698033594
   1 	1.70418872
   1 	1.70482078
   1 	1.707686446
   1 	1.709330356
   1 1.709631989	
   1 	1.709696823
   1 	1.710659193
   1 	1.715147751
   1 	1.72041194
   1 	1.721434864
   1 	1.72210983
   1 1.722548358	267.180568504
   1 	1.724562919
   1 	1.743444096
   1 	1.745617265
   1 	1.749135589
   1 	1.751666586
   1 	1.774223227
   1 	1.776185659
   1 	1.784002826
   1 	1.79052399
   1 	1.792204119
   1 	1.794492235
   1 	1.796750054
   1 	1.799329827
   1 	1.799910802
   1 	1.820475002
   1 1.820665103	2.06744167
   1 	1.822717686
   1 	1.827848911
   1 	1.840490342
   1 	1.854618251
   1 1.855337215	2.18967157
   1 	1.870914561
   1 	1.871881827
   1 	1.884180546
   1 	1.88655402
   1 	1.887142004
   1 	1.906944607
   1 1.916268952	2.434654329
   1 	1.919320058
   1 	1.922160771
   1 	1.928257908
   1 1.957914706	2.143611743
   1 	1.960955836
   1 2.000968729	
   1 	2.011424123
   1 2.049471833	250.868770047
   1 	2.05314914
   1 2.062630371	153.651801114
   1 	2.083206553
   1 2.168414931	158.321719841
   1 2.215390639	155.493786185
   1 	2.219322742
   1 2.230468193	156.807572217
   1 2.235535351	1.880177485
   1 	2.252327035
   1 2.255708401	158.032732639
   1 	2.312783458
   1 	2.314713122
   1 2.334418004	1.932816228
   1 2.360757016	2.152749443
   1 2.368369063	262.769128499
   1 	2.379271445
   1 	2.384038284
   1 2.39027182	282.960792713
   1 2.404922521	282.65250243
   1 2.406753038	262.610335405
   1 2.409321288	283.277034573
   1 	2.410836899
   1 2.412128426	262.928196063
   1 2.412805444	262.763834711
   1 2.413317493	263.032645811
   1 2.414295676	263.310942059
   1 2.418181332	263.047486695
   1 2.41866477	263.545448138
   1 2.419663517	263.198677856
   1 2.420395959	262.48728307
   1 2.422269465	293.991160059
   1 2.423552802	262.566222401
   1 2.42369136	262.342869697
   1 2.426981508	262.488552678
   1 2.427642049	282.866060017
   1 2.427812349	262.622993609
   1 2.428954844	262.662576398
   1 2.43049175	282.41861095
   1 2.431432717	282.853508556
   1 2.432721421	262.850159026
   1 2.433094001	262.709048298
   1 2.433850393	262.499220869
   1 2.435010076	262.84710932
   1 2.4360109	264.426058431
   1 2.438594667	263.364778545
   1 2.438607351	262.767477527
   1 2.438611319	262.3378838
   1 2.43926456	262.410655505
   1 2.440155531	262.525751019
   1 2.440589019	262.636766738
   1 2.441228711	262.819463741
   1 2.441761304	262.387856177
   1 2.444839489	262.665911211
   1 2.445418655	262.733718789
   1 2.445489122	265.35169962
   1 2.446145964	264.307524411
   1 2.448110659	282.540027722
   1 2.44911613	263.335798478
   1 2.449922133	283.222384118
   1 2.451164846	262.968991717
   1 2.453749763	265.029226669
   1 2.454879707	262.572869105
   1 2.456517118	263.399860383
   1 2.456742227	263.098766429
   1 2.457059798	262.911070475
   1 2.45795037	263.811962016
   1 2.46925444	263.008600062
   1 2.481059621	262.579139487
   1 2.486242156	263.895294798
   1 2.499322968	262.6226059
   1 2.506000086	
   1 2.506979674	262.82997444
   1 2.513914145	
   1 2.522834882	264.173511283
   1 2.523738873	
   1 2.535265436	264.546689664
   1 2.541771979	262.392182246
   1 	2.542103177
   1 	2.545592976
   1 2.554767854	
   1 2.56865648	263.09690854
   1 	2.594030545
   1 	2.597538907
   1 2.601839034	
   1 2.633606662	
   1 2.634466994	144.144633891
   1 	2.656460282
   1 	2.659479255
   1 2.680756421	
   1 2.68309467	
   1 2.684071027	
   1 2.695377353	
   1 	2.698647703
   1 2.710253563	
   1 2.712585344	
   1 	2.726121503
   1 	2.74199284
   1 	2.766383109
   1 	2.783750244
   1 2.859278129	262.611476757
   1 	2.886129498
   1 	2.897268561
   1 2.898357405	297.536124249
   1 2.899140408	295.081023906
   1 2.902669524	269.81457786
   1 2.904420873	295.694775703
   1 2.907809442	295.898792172
   1 2.909835591	295.52931274
   1 2.910112335	297.098607827
   1 2.911601745	294.032853753
   1 2.912451636	295.182924224
   1 2.918673528	268.973336578
   1 2.919205155	269.534469071
   1 2.919721243	270.196217684
   1 2.920089558	295.741195131
   1 2.920721077	293.870996657
   1 2.920878688	270.901865429
   1 2.922601833	297.403059353
   1 2.923304089	295.454186105
   1 2.926373877	296.671449293
   1 2.92690687	294.170675874
   1 2.931786582	297.615023802
   1 2.93258624	295.23494573
   1 2.933509935	271.239798011
   1 2.933510094	297.12840767
   1 2.942248812	296.194453917
   1 2.942286584	295.683324631
   1 2.943144596	295.834620755
   1 2.943151115	295.532183578
   1 2.945187438	269.056066923
   1 2.947263898	293.747203325
   1 2.9475751	298.013844065
   1 2.947590118	294.56937702
   1 2.948044756	295.294969583
   1 2.948522956	269.533563103
   1 2.952285732	269.723356685
   1 2.952756129	295.249703471
   1 2.953559516	268.144842556
   1 2.953665001	269.637634554
   1 2.954073425	295.075357116
   1 2.95730621	295.707505819
   1 2.95817538	295.810656462
   1 2.962054399	269.515036509
   1 	2.962745433
   1 2.965772695	296.008716899
   1 2.96738034	294.557597488
   1 	2.967385472
   1 2.968437216	269.690531444
   1 2.969544385	270.28919286
   1 2.971387782	295.007110472
   1 2.972474617	295.677364746
   1 2.973025654	294.196242879
   1 	2.982082815
   1 2.983062288	295.380896128
   1 2.985082478	293.752127859
   1 2.990651878	294.495260167
   1 3.001128119	294.817042998
   1 3.011720817	294.88134601
   1 	3.013361563
   1 3.027819452	294.588209428
   1 3.03424195	295.076434022
   1 3.092268366	263.03292905
   1 3.094308102	295.129271273
   1 	3.116789677
   1 	3.124210427
   1 3.151290305	297.496029383
   1 	3.173674483
   1 3.202466287	295.86423704
   1 	3.211916759
   1 3.214316393	296.200201112
   1 3.230967807	270.081117955
   1 	3.237013801
   1 3.435518168	2.185303576
   1 4.041271665	2.028097008
   1 4.169946671	3.187272397
   1 4.279215631	301.990593782
   1 4.318870679	170.452637126
   1 4.320811877	2.325913843
   1 4.405273872	171.82423718
   1 4.415138949	3.225273118
   1 4.511449306	2.525057762
   1 4.764604666	2.231820463
   1 4.927618634	2.328494067
   1 4.979550098	
   1 	4.988522572
   1 5.041865553	176.747270331
   1 5.092151762	172.999433311
   1 5.163130041	2.247322383
   1 5.214540941	
   1 5.215814712	
   1 5.21981181	
   1 5.234568579	
   1 5.241503119	
   1 5.248004528	
   1 5.259133202	
   1 5.259598051	
   1 5.261378201	
   1 5.261575703	
   1 5.26267858	
   1 5.265611882	
   1 5.266781534	
   1 5.267298209	
   1 5.26775281	
   1 5.269053405	
   1 5.271046232	
   1 5.272933644	
   1 5.273173251	
   1 5.273175824	
   1 5.275968099	
   1 5.278501079	
   1 5.279639397	
   1 5.28212413	
   1 5.283982966	
   1 5.288563499	
   1 5.288671487	
   1 5.289271805	
   1 5.289382782	
   1 5.293868555	
   1 5.293917817	
   1 5.294615208	
   1 5.300533827	
   1 5.302035416	
   1 5.303583062	
   1 5.306581917	
   1 5.307771079	
   1 5.309070377	
   1 5.311405186	
   1 5.314085144	
   1 5.315315687	
   1 5.325776238	
   1 5.32922487	
   1 5.330524105	
   1 5.331261852	
   1 5.334697371	
   1 5.341057488	
   1 5.343686654	
   1 5.352559931	
   1 5.361434748	
   1 5.370462564	
   1 5.382406538	
   1 5.408896488	2.271034656
   1 5.440779708	
   1 5.476847144	
   1 5.482124421	
   1 5.509595817	1.935228138
   1 5.523104929	
   1 5.541435396	
   1 5.661884783	2.25920533
   1 5.709291902	
   1 5.762736245	
   1 5.812297398	
   1 	5.93448604
   1 5.941888705	2.480684373
   1 	5.990417023
   1 	6.099976616
   1 	6.35269135
   1 6.656765822	
   1 	6.959415736
   1 	7.11399242
   1 	7.121090307
   1 	7.130629298
   1 	7.19205369
   1 7.419945372	
   1 7.506559103	2.755365882
   1 8.109233716	2.739942898
   1 	8.253312816
   1 	8.258805135
   1 	8.299894458
   1 	8.447499312
   1 8.623668	2.832709831
   1 	8.968341061
   1 	9.1895873
   1 9.309203676	
   1 	9.388416463
   1 	9.438678273
   1 	9.867607907
   1 	9.986363621
   1 	10.164153424
   1 	10.304794973
   1 	10.309114076
   1 	10.396167309
   1 	10.611087527
   1 10.65964121	
   1 	10.896315001
   1 	11.125321749
   1 11.384911341	3.872848772
   1 11.634707893	
   1 12.121119062	2.784503988
   1 12.467628021	
   1 12.654382831	
   1 	13.129438313
   1 	13.14750162
   1 	13.385323888
   1 13.579159133	3.304565251
   1 	13.695373476
   1 	13.799286862
   1 14.329855129	3.217191038
   1 14.547727006	3.418557727
   1 14.600478424	3.094832985
   1 14.750888542	3.616540521
   1 15.163040785	3.550047326
   1 15.590032327	16.662690013
   1 16.072912951	3.575194825
   1 17.170311299	2.424028012
   1 17.674945561	3.540049425
   1 17.703205006	14.268737666
   1 	18.578304259
   1 18.98022508	3.828908515
   1 19.092465344	3.37884086
   1 	19.169602853
   1 	19.181676599
   1 19.375504723	3.316792941
   1 19.45596342	3.58110604
   1 19.494893456	4.074569256
   1 19.602902198	4.008541945
   1 19.639734674	3.840414656
   1 	19.64660788
   1 	19.68093665
   1 	19.816723311
   1 20.103599285	3.417071485
   1 	20.110761554
   1 20.350978254	3.789457861
   1 	20.545942488
   1 20.624877775	3.234846499
   1 	20.807315269
   1 21.051742349	3.662943686
   1 21.241325503	3.712415608
   1 	21.269122826
   1 21.950394856	3.614935316
   1 22.657267833	3.416953664
   1 22.878174294	3.847405769
   1 22.915529889	4.119648006
   1 23.120604208	3.754088748
   1 23.407325157	3.585765924
   1 24.112138872	3.572966366
   1 24.1258698	4.176681429
   1 	24.515445519
   1 25.899568963	3.948063295
   1 25.974477946	3.775980898
   1 26.066368205	3.770809977
   1 26.575601554	3.804615934
   1 27.059191534	3.536714285
   1 27.106200111	3.557994207
   1 27.130386505	3.709287762
   1 27.414198737	3.547746448
   1 27.416758268	3.524995238
   1 27.504486823	4.111925525
   1 27.556803366	4.27543406
   1 27.774373495	3.750265493
   1 27.962881849	3.891760663
   1 28.041936388	3.807251665
   1 28.150079689	3.991783567
   1 28.495951855	4.155849612
   1 28.51589372	3.763094842
   1 28.538511007	3.701306979
   1 28.757910709	3.478428035
   1 29.151899402	3.752035652
   1 29.190263151	3.593787151
   1 29.234509845	3.447057869
   1 	29.480950668
   1 29.541684525	3.501426729
   1 29.550110849	4.104487447
   1 29.568806965	3.985474238
   1 29.580239815	3.728402365
   1 29.609180268	3.343639227
   1 29.646094608	3.687494011
   1 29.808982968	3.543045589
   1 29.85086535	3.996410203
   1 29.880437384	3.814901661
   1 30.786187136	3.375484084
   1 30.799966199	3.588518422
   1 30.968175628	4.034266911
   1 30.971730724	3.512536477
   1 30.981511461	3.546093822
   1 31.178951504	3.715083098
   1 31.786764603	3.680167927
   1 33.49225516	3.587315502
   1 33.584806487	4.156323776
   1 33.863234008	3.562939923
   1 33.964764961	3.518594755
   1 34.07265668	3.981635817
   1 34.143846941	4.190094776
   1 34.176736282	3.918525635
   1 34.190343877	4.160454599
   1 34.309408416	4.058252072
   1 34.618870329	4.182398384
   1 35.052835489	3.661034703
   1 35.14613537	4.094603434
   1 35.231118212	4.835331076
   1 35.316589621	3.916647219
   1 35.808238108	3.616082074
   1 36.19222556	4.205189461
   1 36.634484651	4.247559356
   1 36.636735154	3.932603471
   1 36.88759832	3.582668093
   1 36.971946718	3.666662142
   1 37.165936246	4.001704316
   1 37.547555097	3.62937279
   1 37.611000138	3.841756173
   1 37.7774265	4.084280776
   1 38.152508667	4.111332374
   1 38.213573678	4.152337763
   1 	38.802965238
   1 38.987399736	3.993636922
   1 39.203971866	3.66623639
   1 39.553161	4.270191993
   1 39.602043013	3.88394954
   1 39.637582226	4.035546458
   1 39.677440162	4.565659428
   1 39.867148134	4.68217998
   1 40.197627983	4.152287335
   1 40.314186952	2.826527225
   1 40.527045826	4.372574264
   1 40.625875584	3.84162842
   1 40.649975857	3.000255602
   1 40.69146123	4.077254939
   1 40.786055458	3.825726716
   1 40.816298052	4.217527788
   1 40.921391035	4.22452083
   1 41.009471886	3.75587672
   1 41.151772991	3.847603556
   1 41.440783605	4.160766099
   1 41.83956381	4.28306164
   1 41.901599024	3.920368978
   1 42.030795756	3.947024376
   1 42.05109943	5.000632877
   1 42.150921383	4.024850988
   1 42.159001003	3.647504305
   1 42.363547312	3.801871325
   1 42.776364524	3.796313371
   1 43.031635465	3.744764201
   1 43.08166496	3.734083736
   1 	43.176504266
   1 43.227978625	3.774792493
   1 43.518110522	3.975755329
   1 43.616091137	3.7790185
   1 43.921192923	
   1 44.120128904	4.073574346
   1 44.299195501	3.726726942
   1 44.44009085	4.279221401
   1 	44.662240421
   1 44.966702799	3.982827607
   1 44.973248373	
   1 44.977432562	
   1 45.035950683	3.829344935
   1 45.110980126	
   1 45.188738342	
   1 45.234915088	
   1 45.472313668	
   1 45.591802386	
   1 45.601695787	
   1 45.809705745	
   1 45.915236801	
   1 45.936902326	4.518908348
   1 46.155452197	
   1 46.169644719	
   1 46.240372869	
   1 46.286195677	
   1 46.383642175	
   1 46.430408778	4.115987407
   1 46.46887888	
   1 46.547248463	4.643952444
   1 46.652381131	3.747119471
   1 47.255088245	
   1 47.644274001	3.79504735
   1 	47.698544381
   1 47.882973419	4.129076785
   1 48.157459445	
   1 	48.338659089
   1 48.657684004	4.544800009
   1 48.734370317	
   1 49.017766383	2.998561279
   1 49.657733374	4.156830869
   1 49.876302431	4.9928248
   1 49.986153121	4.006063036
   1 50.286667718	3.757166656
   1 50.372646436	3.640094161
   1 50.642212613	4.727617898
   1 51.73763801	
   1 51.92922282	3.983260826
   1 52.291039583	5.118445813
   1 52.460821748	4.271511845
   1 52.781837481	4.355022269
   1 53.526412047	4.178367932
   1 53.545310066	4.427184305
   1 53.573273813	4.425016505
   1 53.69276868	4.341877682
   1 53.926429822	4.570345661
   1 53.967654842	2.826725181
   1 54.469416111	3.85928591
   1 54.527684783	3.908530427
   1 55.652702403	4.739298968
   1 55.985515554	4.547874465
   1 56.042733031	4.73116774
   1 56.228260863	4.874078413
   1 56.355441284	4.760159994
   1 56.8445758	
   1 57.149292121	4.316610013
   1 57.686393936	
   1 	58.402606286
   1 59.505805168	4.813240844
   1 60.74144959	4.673752135
   1 61.924136651	4.706404952
   1 62.27160882	4.808513806
   1 62.527194711	4.816966032
   1 64.035200145	4.732422903
   1 64.496796929	4.820427047
   1 64.591305074	4.762940403
   1 64.823624674	
   1 65.428314029	4.72843032
   1 68.455591143	4.651507495
   1 80.74278679	2.605822321
   1 110.889735932	
   1 	193.760854814
   1 	226.894295339
   1 	233.848123792
   1 	233.935305791
   1 	234.090375972
   1 	234.138352102
   1 	234.43700889
   1 	236.947290855
   1 	239.733464522
   1 	241.895508722
   1 242.344540371	3.237187471
   1 	242.711625389
   1 	244.641609365
   1 	248.198551858
   1 	248.5796038
   1 	249.034421012
   1 	249.109100654
   1 	249.148490883
   1 	249.201085692
   1 	249.989930659
   1 	250.038938146
   1 	250.225585665
   1 	250.705972718
   1 	250.931424657
   1 	251.264707443
   1 	251.479271923
   1 	251.727652113
   1 	251.970817928
   1 	252.209459492
   1 	252.29434187
   1 	252.699321107
   1 	253.394059722
   1 	253.530386273
   1 	254.371266949
   1 	254.507223148
   1 	254.825699396
   1 	254.959241059
   1 	255.154517956
   1 285.795134699	
   1 347.374651231	1.636660677
   1 	351.126950319
   1 374.75083277	1.721153945
   1 387.652722613	2.955456825
   1 510.058013294	19.829696866
   1 667.521312408	2.670274141
   1 688.514787827	2.528332963
   1 798.854844404	3.934895337
   1 804.873545229	2.893090635
   1 846.953550439	3.447686758
   1 878.376170443	4.509566792
